<Backups xmlns="http://www.microsoft.com/GroupPolicy/GPOOperations/Manifest" xmlns:mfst="http://www.microsoft.com/GroupPolicy/GPOOperations/Manifest" mfst:version="1.0"><BackupInst xmlns="http://www.microsoft.com/GroupPolicy/GPOOperations/Manifest"><GPOGuid><![CDATA[{29DAA2D8-9D93-4145-92E5-9F18A94869A7}]]></GPOGuid><GPODomain><![CDATA[security.local]]></GPODomain><GPODomainGuid><![CDATA[{2b127034-e676-4f54-b03a-e700e3004cb0}]]></GPODomainGuid><GPODomainController><![CDATA[GPOSrv2016.security.local]]></GPODomainController><BackupTime><![CDATA[2023-03-15T20:36:12]]></BackupTime><ID><![CDATA[{E6064767-DDA0-4532-826B-D13FBA0BC9F2}]]></ID><Comment><![CDATA[]]></Comment><GPODisplayName><![CDATA[DoD Windows 11 Computer STIG v1r3]]></GPODisplayName></BackupInst><BackupInst xmlns="http://www.microsoft.com/GroupPolicy/GPOOperations/Manifest"><GPOGuid><![CDATA[{774A6B34-3A95-4471-94D0-12A8C81E4C03}]]></GPOGuid><GPODomain><![CDATA[security.local]]></GPODomain><GPODomainGuid><![CDATA[{2b127034-e676-4f54-b03a-e700e3004cb0}]]></GPODomainGuid><GPODomainController><![CDATA[GPOSrv2016.security.local]]></GPODomainController><BackupTime><![CDATA[2023-03-06T13:25:17]]></BackupTime><ID><![CDATA[{932CA0DB-0AC9-413F-8EE3-9ACB5D15C4DD}]]></ID><Comment><![CDATA[]]></Comment><GPODisplayName><![CDATA[DoD Internet Explorer 11 STIG Computer v2r4]]></GPODisplayName></BackupInst><BackupInst xmlns="http://www.microsoft.com/GroupPolicy/GPOOperations/Manifest"><GPOGuid><![CDATA[{264A8DBF-5C22-4C3C-879F-98E62986AE85}]]></GPOGuid><GPODomain><![CDATA[security.local]]></GPODomain><GPODomainGuid><![CDATA[{2b127034-e676-4f54-b03a-e700e3004cb0}]]></GPODomainGuid><GPODomainController><![CDATA[GPOSrv2016.security.local]]></GPODomainController><BackupTime><![CDATA[2022-12-13T16:54:05]]></BackupTime><ID><![CDATA[{C4F9D4E8-CB46-4527-991F-1D8671AE1E32}]]></ID><Comment><![CDATA[]]></Comment><GPODisplayName><![CDATA[DoD Office 2019-M365 Apps STIG Comp v2r8]]></GPODisplayName></BackupInst><BackupInst xmlns="http://www.microsoft.com/GroupPolicy/GPOOperations/Manifest"><GPOGuid><![CDATA[{41CDB6DD-86B0-448C-8D44-0CB672F0CA68}]]></GPOGuid><GPODomain><![CDATA[security.local]]></GPODomain><GPODomainGuid><![CDATA[{2b127034-e676-4f54-b03a-e700e3004cb0}]]></GPODomainGuid><GPODomainController><![CDATA[GPOSrv2016.security.local]]></GPODomainController><BackupTime><![CDATA[2022-12-13T16:46:25]]></BackupTime><ID><![CDATA[{0FBEE738-6902-4E7E-8E79-9A0B1B2668B9}]]></ID><Comment><![CDATA[]]></Comment><GPODisplayName><![CDATA[DoD Google Chrome STIG Computer v2r8]]></GPODisplayName></BackupInst><BackupInst xmlns="http://www.microsoft.com/GroupPolicy/GPOOperations/Manifest"><GPOGuid><![CDATA[{CA828E89-7B10-4EE7-822B-ED3996C3B212}]]></GPOGuid><GPODomain><![CDATA[testing.com]]></GPODomain><GPODomainGuid><![CDATA[{89030bbe-24f1-476f-8561-5998cda70227}]]></GPODomainGuid><GPODomainController><![CDATA[WIN-LHK4PMPKNO4.testing.com]]></GPODomainController><BackupTime><![CDATA[2022-10-07T18:29:19]]></BackupTime><ID><![CDATA[{43614AC7-D9C9-47B7-9428-624EC9ED03A0}]]></ID><Comment><![CDATA[]]></Comment><GPODisplayName><![CDATA[DoD Microsoft Edge STIG Computer v1r6]]></GPODisplayName></BackupInst><BackupInst xmlns="http://www.microsoft.com/GroupPolicy/GPOOperations/Manifest"><GPOGuid><![CDATA[{23C8DE3C-BE67-4FF1-BDBF-CEBABD726F4C}]]></GPOGuid><GPODomain><![CDATA[testing.com]]></GPODomain><GPODomainGuid><![CDATA[{89030bbe-24f1-476f-8561-5998cda70227}]]></GPODomainGuid><GPODomainController><![CDATA[WIN-LHK4PMPKNO4.testing.com]]></GPODomainController><BackupTime><![CDATA[2022-10-07T18:23:27]]></BackupTime><ID><![CDATA[{F8AE723D-AFB4-4A42-B9FA-F781618D8592}]]></ID><Comment><![CDATA[]]></Comment><GPODisplayName><![CDATA[DoD Mozilla Firefox STIG v6r4]]></GPODisplayName></BackupInst><BackupInst xmlns="http://www.microsoft.com/GroupPolicy/GPOOperations/Manifest"><GPOGuid><![CDATA[{E8441595-B157-4156-810D-255DE34FC77F}]]></GPOGuid><GPODomain><![CDATA[security.local]]></GPODomain><GPODomainGuid><![CDATA[{2b127034-e676-4f54-b03a-e700e3004cb0}]]></GPODomainGuid><GPODomainController><![CDATA[GPOSrv2016.security.local]]></GPODomainController><BackupTime><![CDATA[2022-04-21T19:09:56]]></BackupTime><ID><![CDATA[{45606343-8AFB-48D5-848E-2A6D22B3BA70}]]></ID><Comment><![CDATA[]]></Comment><GPODisplayName><![CDATA[DoD Adobe Acrobat Reader DC Continuous STIG Computer V2R1]]></GPODisplayName></BackupInst><BackupInst xmlns="http://www.microsoft.com/GroupPolicy/GPOOperations/Manifest"><GPOGuid><![CDATA[{C544D154-033D-4F9D-9271-0DC17D5F821A}]]></GPOGuid><GPODomain><![CDATA[security.local]]></GPODomain><GPODomainGuid><![CDATA[{2b127034-e676-4f54-b03a-e700e3004cb0}]]></GPODomainGuid><GPODomainController><![CDATA[GPOSrv2016.security.local]]></GPODomainController><BackupTime><![CDATA[2022-03-29T21:56:27]]></BackupTime><ID><![CDATA[{1733BFC6-8E8E-41F7-BB76-EB2070330C89}]]></ID><Comment><![CDATA[]]></Comment><GPODisplayName><![CDATA[DoD Microsoft Defender Antivirus STIG Computer v2r4]]></GPODisplayName></BackupInst><BackupInst xmlns="http://www.microsoft.com/GroupPolicy/GPOOperations/Manifest"><GPOGuid><![CDATA[{5A22D236-9855-4C8F-9C2D-D547B01DC8C9}]]></GPOGuid><GPODomain><![CDATA[security.local]]></GPODomain><GPODomainGuid><![CDATA[{2b127034-e676-4f54-b03a-e700e3004cb0}]]></GPODomainGuid><GPODomainController><![CDATA[GPOSrv2016.security.local]]></GPODomainController><BackupTime><![CDATA[2021-07-12T21:01:25]]></BackupTime><ID><![CDATA[{58B892A3-ECB0-4DAD-91D4-B647524DFF30}]]></ID><Comment><![CDATA[]]></Comment><GPODisplayName><![CDATA[DoD Adobe Acrobat Pro DC Continuous STIG Computer V2R1]]></GPODisplayName></BackupInst></Backups>