<BackupInst xmlns="http://www.microsoft.com/GroupPolicy/GPOOperations/Manifest"><GPOGuid><![CDATA[{86B3DED6-D0FB-468D-837A-8007A26E4447}]]></GPOGuid><GPODomain><![CDATA[security.local]]></GPODomain><GPODomainGuid><![CDATA[{6f0514af-6cc4-48d1-b2ef-2310ad5fc57b}]]></GPODomainGuid><GPODomainController><![CDATA[DC-SEC-01.security.local]]></GPODomainController><BackupTime><![CDATA[2023-09-12T14:04:41]]></BackupTime><ID><![CDATA[{C1653266-998C-4C7E-9221-06E7369E8308}]]></ID><Comment><![CDATA[]]></Comment><GPODisplayName><![CDATA[MSFT Edge Version 117 - Computer]]></GPODisplayName></BackupInst>
